NUMBER_OF_DRONES,MOBILITY_ALPHA,MAC_MODE,TRAFFIC_RATE,sent,arrived,pdr_percent,e2e_delay_ms,routing_load,throughput_kbps,hop_count,collisions,mac_delay_ms,inference_time_s,seed,timestamp
5,0.5,TDMA,5,407,251,61.67076167076168,1629.1385219123506,1.4183266932270917,47.59171429062187,1.545816733067729,781,63.900309623430964,203.41810274124146,2025,2026-02-03T01:26:57.029753
5,0.5,TDMA,5,399,262,65.6641604010025,1825.684179389313,1.3625954198473282,68.38788192546404,1.3282442748091603,424,38.9620684596577,212.80228328704834,2026,2026-02-03T01:27:06.414137
5,0.5,TDMA,5,385,285,74.02597402597402,533.1442280701754,1.224561403508772,48.9237453816313,1.6,661,48.5129395711501,220.0345003604889,2027,2026-02-03T01:27:13.646408
5,0.85,TDMA,5,407,308,75.67567567567568,942.4307857142857,1.1266233766233766,48.01197375320217,1.525974025974026,617,52.02186233269599,208.47395420074463,2025,2026-02-03T01:27:02.085883
5,0.85,TDMA,5,399,209,52.38095238095239,166.41846889952154,1.6842105263157894,120.04738444492085,1.0813397129186604,228,29.909755555555556,218.13018321990967,2026,2026-02-03T01:27:11.742219
5,0.85,TDMA,5,385,253,65.71428571428571,821.2523833992095,1.4150197628458498,55.76557271644577,1.6126482213438735,548,42.17163796477495,191.1618092060089,2027,2026-02-03T01:26:44.773954
10,0.5,TDMA,5,754,435,57.692307692307686,1814.0785885057471,1.9333333333333333,25.285565870355722,1.935632183908046,2468,65.55780234833661,214.04205346107483,2025,2026-02-03T01:27:07.654458
10,0.5,TDMA,5,768,381,49.609375,1485.812406824147,2.1128608923884515,39.23791947589942,1.874015748031496,2183,78.80205968586388,187.13189435005188,2026,2026-02-03T01:26:40.744465
10,0.5,TDMA,5,762,285,37.40157480314961,2141.1566000000003,2.8596491228070176,36.924899897127474,1.9333333333333333,2482,71.07719826517969,207.56948614120483,2027,2026-02-03T01:27:01.182087
10,0.85,TDMA,5,754,364,48.275862068965516,1980.316302197802,2.3543956043956045,35.67889599462215,1.7857142857142858,2759,100.61170981661272,201.95273566246033,2025,2026-02-03T01:26:55.565547
10,0.85,TDMA,5,768,378,49.21875,2157.5997883597884,2.082010582010582,30.904903727135437,1.91005291005291,2211,63.72319285042333,209.44067406654358,2026,2026-02-03T01:27:03.053739
10,0.85,TDMA,5,762,300,39.37007874015748,2229.633136666667,2.96,30.757060461155227,1.8933333333333333,2520,86.54118099547513,204.77648782730103,2027,2026-02-03T01:26:58.389649
5,0.5,TDMA,10,823,386,46.901579586877276,3647.3107357512954,1.0595854922279793,16.919411136111407,1.3730569948186528,690,58.86725623268698,216.92900037765503,2025,2026-02-03T01:27:10.542511
5,0.5,TDMA,10,815,352,43.190184049079754,2124.464434659091,1.0681818181818181,19.6868653406625,1.3352272727272727,866,66.20241453831044,224.26486921310425,2026,2026-02-03T01:27:17.878432
5,0.5,TDMA,10,788,377,47.84263959390863,3178.913671087533,1.0106100795755968,14.718636404345053,1.3262599469496021,865,58.66007363770251,215.38458514213562,2027,2026-02-03T01:27:08.998330
5,0.85,TDMA,10,823,333,40.46172539489672,3039.9341441441443,1.2522522522522523,9.86740227777042,1.3333333333333333,793,56.55740735068914,231.47268533706665,2025,2026-02-03T01:27:25.086603
5,0.85,TDMA,10,815,376,46.13496932515338,618.2654414893617,0.925531914893617,52.872479027544365,1.1037234042553192,620,49.106233471074376,223.01642417907715,2026,2026-02-03T01:27:16.630437
5,0.85,TDMA,10,788,357,45.30456852791878,2978.292882352941,1.1008403361344539,19.482673578657604,1.3781512605042017,676,40.122709933774836,205.9676477909088,2027,2026-02-03T01:26:59.581787
10,0.5,TDMA,10,1564,409,26.15089514066496,3529.963173594132,2.2053789731051343,14.720976392449767,1.4963325183374083,2241,66.1902148541114,210.6553053855896,2025,2026-02-03T01:27:04.269795
10,0.5,TDMA,10,1558,441,28.305519897304237,3267.8353446712017,1.9160997732426304,11.934992086463806,1.4489795918367347,2298,63.97087329931973,230.4161696434021,2026,2026-02-03T01:27:24.030672
10,0.5,TDMA,10,1535,362,23.583061889250814,2552.7348812154696,2.3370165745856353,19.599725802439163,1.5359116022099448,2089,58.80708895131087,220.98385310173035,2027,2026-02-03T01:27:14.598444
10,0.85,TDMA,10,1564,394,25.191815856777495,3908.702324873096,2.3883248730964466,10.589150088243553,1.4619289340101522,2583,74.69860746812385,216.13565587997437,2025,2026-02-03T01:27:09.750496
10,0.85,TDMA,10,1558,411,26.379974326059052,2728.201912408759,1.9683698296836982,15.378816251961375,1.4452554744525548,2240,57.95539901880622,211.86282229423523,2026,2026-02-03T01:27:05.477749
10,0.85,TDMA,10,1535,363,23.648208469055373,2873.9414214876033,2.465564738292011,13.040755084830625,1.5537190082644627,2157,61.06051831501833,221.89095973968506,2027,2026-02-03T01:27:15.518306
5,0.5,TDMA,15,1247,490,39.294306335204496,4366.897528571429,0.8061224489795918,13.340007047555202,1.2244897959183674,643,37.411370145631075,232.43540835380554,2025,2026-02-03T01:27:26.062856
5,0.5,TDMA,15,1256,450,35.828025477707,2421.047066666667,0.8844444444444445,21.45683748966315,1.1311111111111112,754,48.440479270315095,228.43503332138062,2026,2026-02-03T01:27:22.062652
5,0.5,TDMA,15,1203,327,27.18204488778055,3756.4111559633025,1.1529051987767585,10.96941681214038,1.327217125382263,835,55.124241057542775,188.54133915901184,2027,2026-02-03T01:26:42.181546
5,0.85,TDMA,15,1247,430,34.48275862068966,4341.735127906977,0.8906976744186047,14.109626560355636,1.2720930232558139,622,40.06388948069241,49.12607002258301,2025,2026-02-03T01:27:29.871164
5,0.85,TDMA,15,1256,602,47.92993630573248,1524.1954352159466,0.5913621262458472,13.700528150262086,1.1212624584717608,460,26.56919372442019,46.84910249710083,2026,2026-02-03T01:27:29.031108
5,0.85,TDMA,15,1203,402,33.416458852867834,3804.8951393034827,0.8905472636815921,9.803787173055758,1.243781094527363,470,35.35353307888041,67.31409215927124,2027,2026-02-03T01:27:52.088483
10,0.5,TDMA,15,2384,545,22.860738255033556,4772.076603669724,1.655045871559633,6.565967441754352,1.3596330275229358,2366,67.89023505323506,47325.149341106415,2025,2026-02-03T14:35:40.715336
10,0.5,TDMA,15,2366,442,18.681318681318682,3967.327938914027,1.8506787330316743,9.841528592054686,1.3823529411764706,2235,56.45998622366289,47332.653079748154,2026,2026-02-03T14:35:49.683321
10,0.5,TDMA,15,2348,363,15.459965928449746,3932.523168044077,2.272727272727273,8.60961867752042,1.4490358126721763,2267,75.15060973187688,47325.08555436134,2027,2026-02-03T14:35:43.475627
10,0.85,TDMA,15,2384,432,18.120805369127517,4316.970268518518,2.0925925925925926,8.22252124922798,1.3888888888888888,2291,108.62045251396647,47327.08474612236,2025,2026-02-03T14:35:46.666983
10,0.85,TDMA,15,2366,438,18.512256973795434,3577.913698630137,1.8105022831050228,10.354713389638334,1.4063926940639269,2081,69.01305511182109,47326.81246614456,2026,2026-02-03T14:35:47.995014
10,0.85,TDMA,15,2348,298,12.691652470187393,3753.3618255033557,2.8859060402684564,9.981074126751649,1.4026845637583893,2344,80.66881654294804,47337.39752435684,2027,2026-02-03T14:35:59.483910
5,0.5,CSMA,5,407,402,98.77149877149877,222.9256766169154,0.8084577114427861,1294.7349347437753,1.4427860696517414,0,4.526113793103448,47306.716596364975,2025,2026-02-03T14:35:29.770702
5,0.5,CSMA,5,399,355,88.97243107769424,1190.1239014084506,0.9154929577464789,1179.8818871047247,1.2901408450704226,4,7.918732365145227,47302.6223988533,2026,2026-02-03T14:35:26.892711
5,0.5,CSMA,5,385,364,94.54545454545455,12.295412087912087,0.8928571428571429,1387.680546994824,1.4175824175824177,0,5.542224907063198,47310.21265125275,2027,2026-02-03T14:35:35.690761
5,0.85,CSMA,5,407,385,94.5945945945946,114.38444155844155,0.8623376623376623,1334.1150166192285,1.3948051948051947,0,5.607447415329768,47307.180549144745,2025,2026-02-03T14:35:33.595108
5,0.85,CSMA,5,399,221,55.388471177944865,36.205375565610865,1.592760180995475,1619.210327131809,1.0,0,17.361452173913044,47300.36371612549,2026,2026-02-03T14:35:28.018499
5,0.85,CSMA,5,385,370,96.1038961038961,13.514643243243244,0.8783783783783784,1271.2771025475322,1.5972972972972972,0,4.871240131578947,47305.82028007507,2027,2026-02-03T14:35:34.819022
10,0.5,CSMA,5,754,731,96.9496021220159,22.984113543091656,0.8891928864569083,1081.5670733123948,1.6347469220246238,40,4.7729934264585046,47323.63646006584,2025,2026-02-03T14:35:53.387491
10,0.5,CSMA,5,768,703,91.53645833333334,619.4041009957326,0.9246088193456614,820.6216484658667,1.9971550497866288,57,5.457754558204768,47321.32421517372,2026,2026-02-03T14:35:51.867266
10,0.5,CSMA,5,762,528,69.29133858267717,80.40633333333332,1.4109848484848484,982.2126345219689,1.918560606060606,60,5.092826996197719,47319.02040696144,2027,2026-02-03T14:35:50.763131
10,0.85,CSMA,5,754,708,93.89920424403184,25.038505649717514,0.9180790960451978,1043.3409170167306,1.6454802259887005,40,5.7339377049180325,47328.14087224007,2025,2026-02-03T14:36:01.787884
10,0.85,CSMA,5,768,726,94.53125,588.6744848484849,0.8953168044077136,761.6670936247599,2.1556473829201104,42,5.190379926108374,47324.028838157654,2026,2026-02-03T14:35:58.627931
10,0.85,CSMA,5,762,586,76.9028871391076,872.4292798634812,1.4641638225255973,668.499331744519,2.3156996587030716,83,6.806324099722991,47325.2930996418,2027,2026-02-03T14:36:00.812004
5,0.5,CSMA,10,823,818,99.3924665856622,295.8188349633252,0.3973105134474328,1108.0340261122246,1.482885085574572,6,4.7100388751033915,47326.1566631794,2025,2026-02-03T14:36:02.787531
5,0.5,CSMA,10,815,756,92.76073619631902,1395.2345383597883,0.4298941798941799,1052.1134858521766,1.2447089947089947,4,6.130178053830228,47327.52485346794,2026,2026-02-03T14:36:05.403871
5,0.5,CSMA,10,788,769,97.58883248730965,18.799370611183356,0.4226267880364109,1294.810099862901,1.4070221066319897,0,4.940244767970882,47303.188091278076,2027,2026-02-03T14:35:45.251234
5,0.85,CSMA,10,823,783,95.1397326852977,141.51844189016603,0.4240102171136654,1208.8684753714729,1.3831417624521072,2,5.800743135518158,47320.35630559921,2025,2026-02-03T14:36:04.387834
5,0.85,CSMA,10,815,495,60.73619631901841,37.48100808080808,0.7111111111111111,1577.0874453913302,1.0,0,11.68662910798122,47292.12377643585,2026,2026-02-03T14:35:37.210795
5,0.85,CSMA,10,788,763,96.8274111675127,20.320450851900393,0.4259501965923984,1174.1786355818613,1.5504587155963303,0,5.005952184666117,47293.24388861656,2027,2026-02-03T14:35:39.307229
10,0.5,CSMA,10,1564,1534,98.08184143222506,41.51499934810951,0.44654498044328556,733.7155259836,1.6310299869621903,83,5.330703292344308,47308.41784954071,2025,2026-02-03T14:35:57.451954
10,0.5,CSMA,10,1558,1275,81.83568677792042,420.4257568627451,0.56,617.3472442497689,1.8627450980392157,28,7.709227041813208,47305.761984825134,2026,2026-02-03T14:35:55.635952
10,0.5,CSMA,10,1535,1063,69.25081433224756,82.18969238005644,0.7036688617121355,726.966941302159,1.8842897460018815,66,6.265396289248335,47282.50668382645,2027,2026-02-03T14:35:54.595905
10,0.85,CSMA,10,1564,1506,96.29156010230179,52.91041434262948,0.4448871181938911,659.4404193566439,1.6719787516600266,52,6.765322304398599,172.2494866847992,2025,2026-02-03T14:38:19.143001
10,0.85,CSMA,10,1558,1256,80.61617458279846,980.0127515923567,0.5636942675159236,452.949245450311,1.9339171974522293,70,8.071436434659091,148.00393199920654,2026,2026-02-03T14:37:56.023123
10,0.85,CSMA,10,1535,1041,67.81758957654723,715.620585975024,0.8491834774255523,513.2959510018965,2.025936599423631,94,7.715740666399037,171.61173129081726,2027,2026-02-03T14:38:21.383055
5,0.5,CSMA,15,1247,1242,99.5990376904571,509.9333115942029,0.2616747181964573,908.4320551773534,1.4685990338164252,6,4.608727322704783,115.0025200843811,2025,2026-02-03T14:37:28.598253
5,0.5,CSMA,15,1256,1175,93.55095541401273,1482.5598408510639,0.2765957446808511,895.5147839375137,1.2578723404255319,8,5.487108,107.5544912815094,2026,2026-02-03T14:37:22.374133
5,0.5,CSMA,15,1203,1167,97.0074812967581,18.561640959725793,0.27849185946872324,1131.073993285357,1.3967437874892887,2,5.586784043191361,101.09798669815063,2027,2026-02-03T14:37:16.789381
5,0.85,CSMA,15,1247,1184,94.94787489975943,183.85642820945947,0.29307432432432434,1020.1407202781053,1.4070945945945945,2,5.9374683323649045,101.38591623306274,2025,2026-02-03T14:37:18.597335
5,0.85,CSMA,15,1256,759,60.42993630573248,61.10995388669301,0.463768115942029,1514.2485301812962,1.0013175230566536,4,9.972218543046358,103.80233955383301,2026,2026-02-03T14:37:23.110093
5,0.85,CSMA,15,1203,1165,96.84123025768912,22.293896995708153,0.27896995708154504,987.2404071342562,1.5467811158798284,0,5.456273218142549,98.86541986465454,2027,2026-02-03T14:37:19.581389
10,0.5,CSMA,15,2384,1867,78.31375838926175,1260.9364692019283,0.38832351365827533,100.55996831813843,1.5998928762720943,46,13.881833079035703,157.3631887435913,2025,2026-02-03T14:38:20.839623
10,0.5,CSMA,15,2366,1714,72.4429416737109,994.7138319719953,0.4148191365227538,193.76136421616897,1.8325554259043173,67,6.496774509803921,163.29895567893982,2026,2026-02-03T14:38:28.550671
10,0.5,CSMA,15,2348,1608,68.48381601362861,781.8979185323384,0.47450248756218905,248.2944486978059,1.8700248756218905,37,7.0428147676639075,167.04325938224792,2027,2026-02-03T14:38:33.710741
10,0.85,CSMA,15,2384,1799,75.46140939597315,1182.3367248471372,0.38743746525847694,135.0380696984395,1.593107281823235,66,14.357492216687422,193.1350495815277,2025,2026-02-03T14:39:01.131533
10,0.85,CSMA,15,2366,1499,63.35587489433643,1260.1147238158771,0.4923282188125417,202.94477258378507,1.7158105403602402,71,10.092847370021284,191.92641806602478,2026,2026-02-03T14:39:01.611166
10,0.85,CSMA,15,2348,1500,63.88415672913118,1127.765644,0.5633333333333334,193.47841421911068,1.91,104,7.321239819004525,160.20285964012146,2027,2026-02-03T14:38:30.966459
